,CarBrand,CarModel
0,,
1, Chevrlot,Sail
2, Innova,v
3, Swift,2012
4, toyota,innova
5,9924406676,9924406676
6,aaudi,red
7,accent,2000
8,accent,2005
9,activa ,3G
10,Acura,Integra
11,Acura,Integta
12,Acura b,Integra a
13,al,19
14,alto,2005
15,alto,2008
16,alto,2012
17,Alto,Alto
18,Alto,Alto 800
19,Alto,K10
20,alto 800,2016
21,Alto 800,2018
22,ALTO 800,800
23,alto k10 vxi ASG,2018
24,Ambassador,2005
25,Apache RTR 160,2008
26,ashok leyland,2003
27,ashok leyland,dost
28,Audi,2016
29,Audi,A3
30,Audi,A4
31,Audi,A5
32,Audi,a6
33,audi,Audi
34,Audi,Q3
35,Audi,Q5
36,Audi,Q7
37,Audi,R8
38,Auto,2016
39,Bajaj,2006
40,bajaj,200ns
41,bajaj,2016
42,bajaj,220
43,bajaj,avenger
44,bajaj,avenger 220
45,Bajaj,Avenger 220 cruise
46,Bajaj,Boxer
47,bajaj,D400
48,bajaj,discover
49,bajaj,dominar
50,Bajaj,Dominar 400
51,Bajaj,Ns200
52,bajaj,platina
53,bajaj,pulsar 
54,Bajaj,Pulsar 135LS
55,Bajaj,pulsar 150
56,Bajaj,Pulsar 160NS
57,bajaj,pulsar 180
58,Bajaj,Pulsar 200
59,bajaj,pulsar 200ns
60,BAJAJ ,Pulsar 220f
61,bajaj,Pulsar RS200 ABS
62,bajaj,v15
63,Bajaj motor,2014
64,Baleno,xeta
65,bata,alta
66,beat,20133
67,benez,E 250
68,Bh,Jazz
69,Bharat Bench,2017
70,Bharat Benz ,2017
71,bharatbenze,1217
72,BMW,
73,BMW,1
74,BMW,2014
75,BMW,2017
76,bmw,2018
77,BMW,3 Series
78,BMW,320d
79,BMW,5
80,BMW,5 Series
81,BMW,520d
82,BMW,525D
83,BMW,545
84,BMW,Enjoy
85,Bmw,Gshs
86,BMW ,GT
87,BMW,Micra
88,BMW ,X1
89,BMW,X3
90,BMW,Yu
91,bolero,2014
92,bolero ,giijb
93,Bolero,Zlx
94,bolero camper,2014
95,brand,model
96,Buick,Enclave
97,byke,hondavshine
98,car,model 
99,car,modelll
100,ceilo,1996
101,chevorelet,sail sedan 
102,Chevrolet,2012
103,Chevrolet,2013
104,Chevrolet,2016
105,Chevrolet,Aveo
106,Chevrolet,Aveo U-VA
107,Chevrolet,beat 
108,Chevrolet,beat diesel
109,Chevrolet,Beat LS
110,Chevrolet,beat lt
111,Chevrolet,beat ps
112,Chevrolet,beet
113,Chevrolet,Camaro
114,Chevrolet,captiva
115,Chevrolet,Cruze
116,Chevrolet,enjoy
117,Chevrolet,Model
118,Chevrolet,Octavia
119,Chevrolet,Optra Magnum
120,Chevrolet,Sail
121,Chevrolet,sail sedan 
122,Chevrolet,Sail U-VA
123,Chevrolet,spark
124,Chevrolet,spark ls
125,Chevrolet,spark LT
126,Chevrolet,Tavera
127,Chevrolet,uva
128,cilerio ,2015
129,creata,2017
130,creta,2017
131,Daihatsu,Granmax
132,Datsun,2016
133,Datsun,2017
134,Datsun,2018
135,Datsun,Datsun Go
136,Datsun,GO
137,Datsun,GO A EPS
138,Datsun,go plus
139,Datsun,GO+
140,Datsun,redi go
141,Datsun,redigo
142,Datsun,REDI-GO
143,Datsun,Redi-Go 1.0S
144,Datsun,Sail
145,Datsun go plus ,2018
146,DEZIRE,2016
147,discover,2012
148,Dzire ,2013
149,Dzire ,2015
150,dzire,ldi
151,Dzire Tour,2018
152,Eartica,Vxi
153,Ecco ,2017
154,Eco Ford ,2016
155,eco sport ,2015
156,EcoSport,Ford
157,eeco,2011
158,Eeco ,2014
159,eeco,2017
160,Eicher,tempo
161,Enfield ,500
162,Enfield,Bullet
163,enfield,classic 350
164,eon,2018
165,Eon Hyundai,2014
166,Esteem,1997
167,Etios,Etios
168,etios,GD
169,Etios GXD,2018
170,excent,2018
171,Fiat,2011
172,Fiat,Fiat Grande Punto
173,Fiat,Linea
174,Fiat,palio
175,Fiat,Palio 1.9D
176,Fiat,Polo
177,Fiat,Punto 
178,Fiat,Punto evo 
179,Fiat,Punto Evo 90hp
180,FIAT LINEA,2011
181,figo,2011
182,force,2011
183,force,2015
184,force,2017
185,Force,Tempo traveller 
186,Force,Traveller
187,Ford,2008
188,Ford,2010
189,Ford,2011
190,Ford,2012
191,Ford,2013
192,Ford,2016
193,Ford,Aspire 
194,Ford,Aspire Sports 
195,Ford,aspire trend
196,Ford,Classic
197,Ford,eco sport
198,Ford ,Ecosport 
199,Ford ,Ecosport 2014
200,Ford,ECOSPORTS
201,Ford,Edge
202,Ford,endaveour 
203,Ford,Endeavor
204,Ford,endeavors
205,Ford,Endeavour 
206,Ford,Endevour 
207,Ford,escape
208,Ford,Explorer
209,Ford,fiesta
210,Ford,Fiesta 1.4 EXi
211,Ford,Fiesta classic
212,Ford,Figo
213,Ford,figo 1.4 tcdi
214,Ford ,FIGO 1.4 TDCI 
215,Ford,Figo Aspire
216,Ford ,Figo Aspire 1.2 
217,Ford,figo asspire
218,Ford,Figo diesel
219,Ford,Figo Next Gen
220,Ford,figo s
221,Ford,figo zxi
222,Ford,Focus
223,Ford,ford
224,Ford,ford figo aspire
225,Ford,Fusion
226,Ford,Ikon
227,Ford,ikon tdci
228,Ford,Ka Plus
229,Ford,new figo
230,Ford,Next Gen Figo
231,Ford,Swift
232,Ford,Titanium 
233,ford EcoSport,2015
234,Ford Ecosport,Ecosport
235,ford endevour,2017
236,Ford fiesta ,2008
237,Ford Fiesta Classic ,2011
238,ford figo,2014
239,FORD FIGO,2017
240,ford figo aspire,2018
241,Ford Ikon,2002
242,ggts,hhf
243,GJ 06 KP 0007,TATA HEXA
244,GMC,Yukon Denali
245,grand I 10,2018
246,Grand i10,2015
247,Granta,Lada
248,H,C
249,Harley Davidson ,Fat Boy 
250,hero,2018
251,Hero,glamorous
252,Hero,Hunk
253,hero,ismart
254,Hero ,Karizma
255,Hero,Maestro
256,hero honda,cbz
257,Hero Honda,CD Deluxe
258,hero honda,passion pro
259,hero honda cd dawn,bike
260,herohinda,1042
261,Hinda,City
262,Honda,-
263,Honda, Brio
264,Honda,2006
265,Honda,2007
266,Honda,2012
267,honda,2013
268,Honda,2015
269,Honda,2016
270,Honda,2017
271,Honda,Accord
272,Honda,activa
273,Honda,Activa 125
274,Honda,activa 3g
275,Honda,amaze
276,Honda,amaze s idetec
277,Honda ,Amaze S i-dtec
278,Honda,Amze
279,Honda,Aviator
280,Honda,Brio
281,Honda,brio smt
282,Honda,BR-v
283,Honda,cbr
284,Honda,cbr 250r abs
285,Honda,Cbr150
286,Honda,CBZ
287,Honda,city
288,Honda,City Diesel SV
289,Honda,City LQ
290,Honda,City V I-Dtec
291,Honda,City vx diesel
292,Honda,city zx
293,Honda,Cityu
294,Honda,Civic
295,Honda,Civic 1.8V
296,Honda,Dio
297,Honda,dream yuga
298,Honda,Elantra
299,Honda,honda city
300,Honda,Honda City Automatic
301,Honda,Honda shine sp
302,Honda,Hornet
303,Honda,Hornet 160r
304,Honda,hunk
305,Honda,Jazz
306,Honda,Mobielio 
307,Honda,Mobilio
308,Honda,New Jazz
309,Honda,Odyssey
310,Honda,sedan
311,Honda,shine
312,Honda,Shine SP
313,Honda,stunner
314,Honda,Trigger 150
315,Honda,unicorn
316,Honda,unicorn 160
317,Honda,Verna
318,Honda,WR V
319,Honda,WRV
320,Honda,W-RV
321,Honda,WR-V
322,Honda,wrv vx diesel
323,Honda,x
324,Honda Amaze Diesel,2014
325,Honda city,2007
326,Honda city ,2014
327,Honda City  I10,2011. 2012
328,Honda hornet,hornet 160r
329,Honda Unicorn,2008
330,Hondacity,latest 
331,Hundai,2017
332,Hundai,Eon 
333,hundai,i20
334,hundai,santro
335,Hundai,Verna
336,hundai,xcent
337,hunday,xsent
338,hundayi,eon
339,Huyndai ,Elite i20
340,hyndai,xcent
341,hyunda,next gen i20
342,Hyundai, elite I 20
343,Hyundai,2002
344,Hyundai,2006
345,Hyundai,2008
346,Hyundai,2009
347,Hyundai,2010
348,Hyundai,2011
349,Hyundai,2012
350,Hyundai,2014
351,Hyundai,2015
352,Hyundai,2015.16
353,Hyundai,2016
354,Hyundai,2017
355,Hyundai,2018
356,Hyundai,Accent
357,Hyundai,Accent 1.5 GLE
358,Hyundai,ascent
359,Hyundai,creata
360,Hyundai,creta
361,Hyundai,Creta 1.6 sx crdi
362,Hyundai,Elantra
363,Hyundai,elite i 20
364,Hyundai,Elite i20
365,Hyundai,Elite I20 Sports
366,Hyundai,Eon
367,Hyundai,eon era plus
368,Hyundai,eon era+
369,Hyundai,eon sports 
370,Hyundai,etios
371,Hyundai ,excent
372,Hyundai,Fluidic Verna
373,Hyundai,Getz
374,Hyundai,Gr
375,Hyundai,grand
376,Hyundai,grand i 10
377,Hyundai,Grand I10
378,Hyundai,grand i10 asta
379,Hyundai,Grand i10 Prime
380,Hyundai,grand i10 sportz
381,Hyundai,Grant i 10  2018
382,Hyundai,Hyundai i10
383,Hyundai,i 10
384,Hyundai,i 10 grand
385,Hyundai,i 20
386,Hyundai,i 20 asta
387,Hyundai,i0
388,Hyundai,i10
389,Hyundai,i10 era
390,Hyundai,i10 Grand
391,Hyundai,i10 gtand
392,Hyundai,i10 magna
393,Hyundai,i10 Maguma
394,Hyundai,i10 sports
395,Hyundai,I10 Sportz
396,Hyundai,i20
397,Hyundai,i20 Active
398,Hyundai,i20 Asta
399,Hyundai,i20 Asta (O)
400,Hyundai,i20 elite
401,Hyundai,i20 magna
402,Hyundai,i20 sports
403,Hyundai,"i20, Crdi"
404,Hyundai,Micra Active
405,Hyundai,Sail
406,Hyundai,santa fe
407,Hyundai,santro
408,Hyundai,Santro 6
409,Hyundai,Santro GL
410,Hyundai,Santro GLS 2012
411,Hyundai,Santro xing
412,Hyundai,Santro Xing 2009
413,Hyundai,Santro Xing GLS
414,Hyundai,santro xing xo
415,Hyundai,santro. 
416,Hyundai,sonata
417,Hyundai,Sportz
418,Hyundai,Tucson
419,Hyundai,Verna
420,Hyundai,Verna 1.6
421,Hyundai,Verna 1.6 SX
422,Hyundai,verna 2017
423,Hyundai,Verna Fluidic 1.4
424,Hyundai,Verna fluidic 2012
425,Hyundai,xcenr
426,Hyundai,Xcent 
427,Hyundai,Xcent 2014
428,Hyundai,xcent 2017
429,Hyundai,Xcent ABS
430,Hyundai,Xcent S(O) AT
431,Hyundai,xcent SX
432,Hyundai,Xcent Sx O
433,Hyundai,xent
434,Hyundai,xesnt
435,Hyundai creta,2016
436,Hyundai's,eon
437,i 10,grand
438,I 20,2009
439,i 20,2016
440,I 20,Asta
441,i10,2009
442,i10,2013
443,i10,asta
444,i20,vxi
445,i20,xylo
446,ignis,2018
447,ikon,Ford
448,indica ,2003
449,indica,2004
450,indica,2014
451,indica,2017
452,indica,800
453,Indica,V2
454,Indica,Vista
455,indica vista,2012
456,indica vista,vista
457,innova,2007
458,innova,2010
459,innova,2011
460,Innova,2012
461,Innova ,2013
462,Innova,2014
463,Innova crysta,2016
464,INNOVA Crysta ,2018
465,innova.sweft ,2008
466,inova,2015
467,isuzu,mu7
468,Jaguar,xe
469,jagwar,xjl 2014
470,JEEP,2018
471,JEEP,compass
472,Jeep,Grand cherokee
473,Kawasaki ,pulsar 220
474,kia,cee'd jd sw
475,Kia,Forte
476,KL 28 A 6928,Ford Figo
477,KTM,Duke 200
478,ktm,duke 250
479,KTM,Duke 390
480,ktm,Duke200
481,kuv100,2018
482,kwid,2016
483,kwid,2017
484,Kwid,Automatic 
485,Lamborghini,egoista
486,Linea,Emotion
487,LMV JGP,1981
488,logan,2010
489,lorry bf4,2015
490,Mahindra,2003
491,Mahindra,2005
492,Mahindra,2007
493,Mahindra,2010
494,Mahindra,2012
495,Mahindra,2014
496,Mahindra,2015
497,Mahindra,2016
498,Mahindra,2017
499,Mahindra,2018
500,Mahindra,balezo 49
501,Mahindra,belero
502,Mahindra,bolero
503,Mahindra,Bolero Ac Plus
504,Mahindra,bolero lx 4wd
505,Mahindra,Bolero m2dcr
506,Mahindra,bolero pkp
507,Mahindra,bolero sle
508,Mahindra,bolero SLX
509,Mahindra,Bolero ZLX
510,Mahindra,celerio
511,Mahindra,centuro
512,Mahindra,CJ500
513,Mahindra,Imperio
514,mahindra,jeeto s6
515,Mahindra,Kuv
516,Mahindra,KUV 100
517,Mahindra,kuv 100 nxt
518,Mahindra,KUV100
519,Mahindra,"Kuv100,"
520,Mahindra,load king 
521,Mahindra,logan
522,Mahindra,Mahindra Thar 
523,Mahindra,maxximo
524,Mahindra,MM 550
525,Mahindra,mm550
526,Mahindra,Quanto
527,Mahindra,Quanto C2
528,Mahindra,scorpeo
529,Mahindra,scorpio
530,mahindra ,Scorpio m2di
531,mahindra ,scorpio m2dicr ex
532,Mahindra,scorpio mhwak
533,Mahindra,scorpio S10
534,Mahindra,Scorpio S10 4WD
535,Mahindra,Scorpio S10 4x4
536,Mahindra,Scorpio s3
537,Mahindra,scorpio s6
538,Mahindra,scorpio s6+
539,Mahindra,slx 2015
540,Mahindra,thar
541,Mahindra,Thar CRDe
542,Mahindra,TUV 300
543,MAHINDRA,TUV300
544,Mahindra ,tuv300 t8
545,Mahindra,tuv300 tr+
546,Mahindra,Verito 
547,Mahindra,verito vibe
548,Mahindra,Verito Vibe D6
549,Mahindra,XUV 500
550,Mahindra,XUV 500 W10
551,Mahindra,xuv 5oo
552,Mahindra,xuv 5oo w10 AWD
553,Mahindra,XUV500 
554,Mahindra,xuv500 w10
555,Mahindra,XUV500 W9
556,Mahindra,xuv509
557,Mahindra,xuv5oo
558,Mahindra,Xylo
559,Mahindra ,XYLO D 4
560,Mahindra,xylo e4
561,Mahindra,xylo E8
562,Mahindra Bolero,2012
563,Mahindra Scorpion,2006
564,Mahindra Xylo,2012
565,Marathi,Zen
566,maruthi,baleno
567,maruthi ,dzire 2017
568,maruthi,omni
569,Maruthi ,S Cross Smart Hybrid
570,maruthI suski,2016
571,maruthi suzuki,swift dzire
572,maruthi zen,2010
573,Maruti,2016
574,maruti,2017
575,Maruti ,800
576,maruti,alto 800
577,Maruti ,Alto K 10
578,Maruti,Alto K10
579,Maruti,Baleno
580,Maruti ,Brezza 
581,Maruti ,Celerio 
582,Maruti ,Ciaz
583,maruti ,dzire VXI
584,Maruti ,ertiga
585,Maruti,Esteem
586,maruti,ritz
587,Maruti,Scross
588,Maruti,Wagon R
589,maruti,zen
590,Maruti ,zen estillo
591,Maruti 800 ,2002 
592,maruti 800,800
593,Maruti Celerio,VXI
594,maruti ritz,ritz ldi
595,Maruti Suzu,2017
596,Maruti Suzuk,Wagonr
597,Maruti Suzuki, swift dzire
598,Maruti Suzuki,17 
599,Maruti Suzuki,1912
600,Maruti Suzuki,1996
601,Maruti Suzuki,1997
602,Maruti Suzuki,2000
603,Maruti Suzuki,2001
604,Maruti Suzuki,2002
605,Maruti Suzuki,2003
606,Maruti Suzuki,2005
607,Maruti Suzuki,2006
608,Maruti Suzuki,2007
609,Maruti Suzuki,2009
610,Maruti Suzuki,2010
611,Maruti Suzuki,2011
612,Maruti Suzuki,2012
613,Maruti Suzuki,2013
614,Maruti Suzuki,2014
615,Maruti Suzuki,2015
616,Maruti Suzuki,2016
617,Maruti Suzuki,2016.
618,Maruti Suzuki,2017
619,Maruti Suzuki,2017 Swift
620,Maruti Suzuki,2018
621,Maruti Suzuki,800
622,Maruti Suzuki,800 DX
623,Maruti Suzuki,800ac
624,Maruti Suzuki,A Star
625,Maruti Suzuki,Alto
626,Maruti Suzuki,Alto 800
627,Maruti Suzuki,alto k 10
628,Maruti Suzuki,alto k10
629,Maruti Suzuki,Alto K10 VXI
630,Maruti Suzuki,alto lx
631,Maruti Suzuki,alto lxi
632,Maruti Suzuki,Alto XL
633,Maruti Suzuki,Alto800
634,Maruti Suzuki,altok10
635,Maruti Suzuki,Artika
636,Maruti Suzuki,asleep
637,Maruti Suzuki,a-star
638,Maruti Suzuki,Astar 2010
639,Maruti Suzuki,aulto
640,Maruti Suzuki,Aulto K10
641,Maruti Suzuki,Baleno
642,Maruti Suzuki,Baleno Altura
643,Maruti Suzuki,Baleno Aplha
644,Maruti Suzuki,Baleno Delta Petrol
645,Maruti Suzuki,Baleno RS
646,Maruti Suzuki,baleno zeta
647,Maruti Suzuki,Balino
648,Maruti Suzuki,Bhg
649,Maruti Suzuki,breeza
650,Maruti Suzuki,breeze
651,Maruti Suzuki,brezza
652,Maruti Suzuki,brezzq
653,Maruti Suzuki,caiz
654,Maruti Suzuki,cele
655,Maruti Suzuki,Celerio
656,Maruti Suzuki,Celerio VDI
657,Maruti Suzuki,Celerio VXI O CNG
658,Maruti Suzuki,Celerio ZXI
659,Maruti Suzuki,ci
660,Maruti Suzuki,Ciaz
661,Maruti Suzuki,Ciaz Alpha
662,Maruti Suzuki,Ciaz delta petrol
663,Maruti Suzuki,Ciaz ZDi+ SHVS
664,Maruti Suzuki,ciaz zxi+
665,Maruti Suzuki,desire
666,Maruti Suzuki,desire tour
667,Maruti Suzuki,dezire
668,Maruti Suzuki,dezore
669,Maruti Suzuki,dizar 
670,Maruti Suzuki,dizer
671,Maruti Suzuki,dizir
672,Maruti Suzuki,dizre 
673,Maruti Suzuki,Dzire
674,Maruti Suzuki,dzire ldi
675,Maruti Suzuki ,Dzire vdi
676,Maruti Suzuki,dzire vxi
677,Maruti Suzuki,Dzire Zdi
678,maruti suzuki,dzire zxi+
679,Maruti Suzuki,ecco
680,Maruti Suzuki,eco
681,Maruti Suzuki,eeco
682,Maruti Suzuki,eltica
683,Maruti Suzuki,ertica
684,Maruti Suzuki,Ertiga
685,Maruti Suzuki ,Ertiga VDI 
686,Maruti Suzuki,Ertiga vxi
687,MARUTI Suzuki,Ertiga VXI Green
688,Maruti Suzuki,Ertiga Zxi
689,Maruti Suzuki,esteem
690,Maruti Suzuki,Esteem Vxi
691,Maruti Suzuki,Estilo
692,Maruti Suzuki,fronti
693,Maruti Suzuki,gixxer
694,Maruti Suzuki,Gypsy
695,Maruti Suzuki,Ignis
696,Maruti Suzuki,K10
697,Maruti Suzuki,kio
698,Maruti Suzuki,lxi
699,Maruti Suzuki,m800
700,Maruti Suzuki,maruthi 800
701,Maruti Suzuki,maruti 800
702,Maruti Suzuki,maruti drsar
703,Maruti Suzuki,maruti eeco
704,Maruti Suzuki,maruti zen estillo
705,Maruti Suzuki,maruty
706,Maruti Suzuki,Omani 
707,Maruti Suzuki,omni
708,Maruti Suzuki,omni E
709,Maruti Suzuki,omni-e
710,Maruti Suzuki,Omnil
711,Maruti Suzuki,petrol
712,Maruti Suzuki,retz 
713,Maruti Suzuki,Ritz
714,Maruti Suzuki,ritz lxi
715,Maruti Suzuki,Ritz VDI
716,Maruti Suzuki,ritz vxi
717,Maruti Suzuki,Ritz ZXI
718,Maruti Suzuki,s cross
719,Maruti Suzuki,scross
720,Maruti Suzuki,s-cross
721,Maruti Suzuki,S-Cross Hybrid Zeta
722,Maruti Suzuki,shift dzire
723,Maruti Suzuki,steem
724,Maruti Suzuki,Stingray
725,Maruti Suzuki,Suzuki swift 
726,Maruti Suzuki,sweft desayar
727,Maruti Suzuki,swfit dixair
728,Maruti Suzuki,Swift
729,Maruti Suzuki,swift desire
730,Maruti Suzuki,swift dezair 
731,Maruti Suzuki,swift dezire
732,Maruti Suzuki,swift DEZIRE 2015
733,Maruti Suzuki,swift dezire tour
734,Maruti Suzuki,swift dezire vxi
735,maruti suzuki,swift dezire zdi
736,maruti suzuki,swift dezr
737,Maruti Suzuki,Swift dizeer
738,Maruti Suzuki,swift dizer
739,Maruti Suzuki,swift dizire
740,Maruti Suzuki,swift DZire
741,Maruti Suzuki,swift dzire 2015
742,Maruti Suzuki,Swift Dzire 2016
743,Maruti Suzuki,swift dzire lxi
744,Maruti Suzuki,Swift Dzire Tour
745,Maruti Suzuki,Swift Dzire Tour S
746,Maruti Suzuki,Swift Dzire Tuor S
747,Maruti Suzuki,swift dzire vdi
748,Maruti Suzuki,swift dzire zdi
749,Maruti Suzuki,Swift Dzire ZXI
750,Maruti Suzuki,swift glory
751,Maruti Suzuki,swift ldi 
752,Maruti Suzuki,Swift Lxi 
753,Maruti Suzuki,swift vdi
754,Maruti Suzuki,swift vxi
755,Maruti Suzuki,Swift Vxi 2009
756,Maruti Suzuki,SWIFT VXI PETROL
757,Maruti Suzuki,swift zdi
758,Maruti Suzuki,swift zdi 2017
759,Maruti Suzuki,Swift Zxi
760,Maruti Suzuki,SX4
761,Maruti Suzuki,sx4 2008
762,Maruti Suzuki,sx4.zxi
763,Maruti Suzuki,Virata Breeza
764,Maruti Suzuki,Vitara Breeza
765,Maruti Suzuki,vitara brexza
766,Maruti Suzuki,Vitara Brezza
767,Maruti Suzuki,vitara brezza zdi+
768,Maruti Suzuki,vittara brezza
769,Maruti Suzuki,vvt
770,Maruti Suzuki,vvt-vxi
771,Maruti Suzuki,Vxi
772,maruti suzuki,wagan R
773,Maruti Suzuki,waganR
774,Maruti Suzuki,wagnar 
775,Maruti Suzuki,WagnoR
776,Maruti Suzuki,Wagnor Vxi
777,Maruti Suzuki,Wagon R
778,Maruti Suzuki,wagon r cng
779,Maruti Suzuki,wagon r duo
780,Maruti Suzuki,wagon R LXI
781,Maruti Suzuki,Wagon R LXI CNG
782,maruti suzuki,wagon r Lxi Green
783,Maruti Suzuki,Wagoner
784,Maruti Suzuki,Wagonr
785,Maruti Suzuki,WagonR Lxi
786,Maruti Suzuki,WagonR stingray
787,Maruti Suzuki,wagorn
788,Maruti Suzuki,Wragon R
789,Maruti Suzuki,zdi
790,Maruti Suzuki,zen
791,Maruti Suzuki,zen astilo
792,Maruti Suzuki,Zen Di
793,Maruti Suzuki,Zen Estillo
794,Maruti Suzuki,zen estilo
795,Maruti Suzuki,Zen Estilo CNG
796,Maruti Suzuki,zen vxi
797,Maruti Suzuki,Zxi
798,Maruti Suzuki ALTO,2007
799,Maruti Suzuki ciaz,2016
800,Maruti Suzuki Ertiga,2016
801,Maruti Suzuki Ertiga,CNG VXI
802,maruti suzuki wagnar,2016
803,Maruti Suzuki Zen ,2005 
804,Mazda,3
805,Mazda,3 Series
806,Mazda,Mazda 3
807,mercedes,
808,Mercedes-Benz,2016
809,Mercedes-Benz,2018
810,Mercedes-Benz,A class
811,Mercedes-Benz,c220
812,Mercedes-Benz,C-Class
813,Mercedes-Benz,E200
814,Mercedes-Benz,E300
815,Mercedes-Benz,G 
816,Mercedes-Benz,GLC 
817,Mercedes-Benz,GLE
818,Mercedes-Benz,Gle 350d
819,Mercedes-Benz,gls
820,Mercedes-Benz,S-Class
821,Mercedes-Benz,Sl
822,Mercedes-Benz,sls
823,Mitsubishi,
824,Mitsubishi,Gallant
825,Mitsubishi,lancer
826,Mitsubishi,pajero 
827,Mitsubishi,Pajero Sports
828,mustibishu lancer,lancer
829,nano,lx
830,nano lx,2012
831,Nexa,Baleno
832,nin,2018
833,Nissan,102
834,Nissan,2015
835,Nissan,2016
836,Nissan,2018
837,Nissan,Cabstar
838,Nissan,datsun
839,Nissan,Evalia
840,Nissan,ggggg
841,Nissan,Micra
842,Nissan,Micra Active
843,Nissan,Micra XV
844,Nissan,Micra xv 1.2
845,Nissan,micra xv premium
846,Nissan,RediGo 
847,Nissan,Rogue Sport
848,Nissan,Sunny
849,Nissan,sunny xl
850,Nissan ,Sunny Xv
851,Nissan,Terrano
852,NISSAN SUNNY,2012
853,No,No
854,no car,no no.
855,not bike ,hero Honda cbz
856,Nova,2008
857,omini,2011
858,opel,astra
859,Opel,Corsa
860,Opel,mark 22
861,optra ,2012
862,other,other
863,Piaggio,lml
864,piaggio,vespa
865,piaggio ape,auto
866,Po,Ii
867,polo,2011
868,pontiac,g6
869,Porsche,Macan
870,Porsche,Panamera
871,pulsar,150
872,pulsar,2015
873,Pulsar RS200,racesport200 
874,pulsor,150 cc
875,qualis,2004
876,Qualis,2005
877,Range Rover ,2017
878,Renault,2013
879,Renault,2014
880,Renault,2016
881,Renault,2017
882,Renault,2018
883,Renault,captur
884,Renault,Datsun
885,Renault,Duster
886,Renault,Duster AMT
887,Renault,duster cvt
888,renault,duster rxz
889,Renault,Duster RXZ 110 PS
890,Renault,koleos
891,Renault,Kwid
892,Renault,Kwid 0.8
893,Renault,Kwid 1.0
894,Renault,kwid climber
895,Renault,Kwid RXL
896,renault,kwid rxt
897,Renault,kwid Rxt 1.0
898,Renault,kwid2016
899,Renault,loddgy
900,Renault,Lodge
901,Renault,Lodgy
902,Renault,Lodgy Stepway 110PS
903,Renault,Pulse
904,Renault,RXL
905,Renault,Rxt
906,Renault,Scala
907,ritz,2011
908,Ritz,2016
909,Ritz,Lxi
910,royal enfidld,classic 350
911,royal enfield ,2016
912,royal enfield,bullet 350
913,Royal Enfield,Classic 350
914,Royal Enfield,Himalayan
915,royal Enfield ,standard 350
916,Royal Enfield,std 350
917,Royal Enfield ,Thunderbird 
918,Royal Enfield,Thunderbird 350
919,SANTRO ,2009
920,santro ,2014
921,scarpio,s5
922,Scion ,tC 
923,Scorpio,2007
924,Scorpio,2009
925,Scorpio ,2014
926,scorpio,ex
927,shift Dezar,2017
928,Skoda,2010
929,Skoda,2012
930,Skoda,Fabia
931,Skoda,laura
932,Skoda,Octavia
933,Skoda,Rap
934,Skoda,Rapid
935,Skoda,Rapid DSG
936,Skoda,Superb
937,Sonalika ,Rhino Rx
938,spazaro sport,2016
939,string,string
940,suzhuki,alto
941,suzuki,2017
942,Suzuki,Access 125
943,suzuki,baleno
944,suzuki,ertiga vdi
945,Suzuki,gixxer sf fi abs
946,Suzuki,Grand Vitara
947,suzuki,ritz
948,suzuki,solio
949,suzuki,swift
950,Suzuki,Swift vdi
951,Suzuki,wagon R
952,Suzuki ,Wagon R LXI
953,swift ,2006
954,swift,2007
955,Swift,2010
956,Swift,2013
957,swift ,2014
958,Swift ,2016 
959,swift,dzire
960,swift ,Maruti
961,swift ,swift
962,Swift Desire ,2018
963,Swift Dezire ,2017 
964,swift dezire,lxi
965,Swift Dizre,2014
966,Swift Dzire,2008
967,swift VDI,2015
968,sx4,2007
969,Tata,2004
970,Tata,2007
971,Tata,2008
972,Tata,2009
973,Tata,2010
974,Tata,2011
975,Tata,2012
976,Tata,2013
977,Tata,2014
978,Tata,2015
979,Tata,2016
980,Tata,2017
981,Tata,2018
982,Tata,407
983,Tata,909
984,Tata,Ace
985,Tata,Ace mega
986,Tata,ace zip xl
987,Tata,bolt
988,Tata,Bolt XT RT
989,Tata,Ecs2012
990,Tata,Grande
991,Tata,Hexa
992,Tata,Hexa XMA
993,Tata,Hexa XTA
994,Tata,ht
995,tata,indiaca
996,Tata,Indica
997,Tata,Indica DLS
998,Tata,indica ev2
999,Tata,Indica LS
1000,Tata,Indica V2 
1001,Tata,indica v2 ls
1002,Tata,indica v2 turbo
1003,Tata,indica vista
1004,Tata,Indica Vista LS
1005,Tata,Indica Vista petrol
1006,Tata,indigo
1007,Tata,indigo 2017
1008,Tata,indigo cs
1009,Tata,Indigo ecs
1010,Tata,Indigo eCS ABS
1011,Tata,indigo ecs vx
1012,Tata,indigo LS
1013,Tata,indigo lx
1014,Tata,Indigo LX TDI
1015,Tata,indigo Manza
1016,Tata,indigo marina
1017,Tata,indigoecs
1018,Tata,Manza
1019,Tata,Manza ( Safire) 
1020,Tata,mega xl
1021,Tata,Nano
1022,Tata,Nano twist xt
1023,Tata,neno
1024,tata,nexon
1025,Tata,nexon XZ+
1026,Tata ,sad
1027,Tata,Safari 
1028,Tata,safari dicor
1029,Tata,Safari DiCOR/ Storme
1030,Tata,Safari Storme
1031,Tata ,sumo
1032,Tata,sumo gold
1033,Tata,sumo grande
1034,Tata,sumo victa
1035,Tata,SUMO VICTA DI
1036,Tata,Swift
1037,Tata,TATA ACE 
1038,Tata,tata bolt
1039,Tata,Tata ex 
1040,Tata,Tata Indigo 
1041,Tata,tata indigo ecs lx
1042,Tata,Tata nano
1043,Tata,tata truck
1044,tata ,tata vista 
1045,Tata ,tata zest 2017
1046,Tata,Tiagi
1047,Tata,Tiago
1048,Tata,Tiago 2017
1049,Tata,tiago 2018
1050,Tata,Tiago Revotron XZ
1051,Tata,Tiago XT
1052,Tata,tiago xta
1053,Tata,Tiago XZ
1054,Tata,tigor
1055,Tata,Tigor xt
1056,Tata,tigor xz o
1057,Tata,tigor xzo 
1058,Tata,tigore
1059,Tata,Tttr
1060,Tata,Vgg
1061,Tata,vista
1062,Tata,vista tdi
1063,Tata,Vista Vx
1064,Tata,Xenon
1065,Tata,Zest
1066,TATA,ZEST REVETRON XT
1067,Tata,zest xe
1068,Tata,zest xm
1069,Tata,zest xt
1070,Tata 909,909ex2
1071,tata ace,2013
1072,tata ace ht,2016
1073,Tata indigo,2007
1074,tata indigo,2012
1075,Tata indigo ,2017
1076,Tata Sumo ,Gold 
1077,Tata Tigor,XZA Petrol
1078,Tata Vista ,2014
1079,Tavera,Chevrolet
1080,tayota,2014
1081,TestBrand,TestModel
1082,text,text
1083,Tharmarajan,Datsun Go
1084,TN22DL 1202,sift true's
1085,Totota,Camry
1086,Toyata,2012
1087,Toyota,
1088,Toyota,2001
1089,Toyota,2004
1090,Toyota,2005
1091,Toyota,2006
1092,Toyota,2009
1093,Toyota ,2011
1094,Toyota,2012
1095,Toyota,2013
1096,Toyota,2014
1097,Toyota,2015
1098,Toyota,2016
1099,Toyota,2017
1100,Toyota,camry
1101,Toyota,chazer
1102,Toyota,corola
1103,Toyota,corolla
1104,Toyota,corolla altis 
1105,Toyota,Corolla Sedan 2007
1106,Toyota,Cross
1107,Toyota,Crysta
1108,Toyota,Echo
1109,Toyota,edios
1110,Toyota,Etios
1111,Toyota,Etios 2016
1112,Toyota,Etios Cross
1113,Toyota,etios liva
1114,Toyota,etious 2015
1115,Toyota,Fortuner
1116,Toyota,Innova
1117,Toyota,Innova Crysta
1118,Toyota,Inova Crysta
1119,Toyota,platinum etios
1120,Toyota,platz
1121,Toyota,Prius
1122,Toyota,qu
1123,Toyota,qualis
1124,Toyota,toyota etios
1125,Toyota,Toyotq Etios Liva
1126,Toyota & Tata,Innova & Tiago
1127,Toyota etios ,2014
1128,Toyota etios,2015
1129,Toyota etios,2016
1130,toyota etios gd,2016
1131,Toyota innova,2013
1132,Toyota Innova,2015
1133,truck,tatta
1134,TVS,2014
1135,tvs,2016
1136,tvs,apache rtr 160
1137,TVS,Apache RTR 180
1138,Tvs,apache160
1139,Tvs ,Jupiter 
1140,Tvs,Jupyter
1141,TVS,ntorq 125
1142,Tvs,Rtr 180abs
1143,TVS,Wego
1144,tvs jupiter,sx
1145,u,2014
1146,up 32 gq 0825,2015
1147,varna,2012
1148,Vaz,2101
1149,Verna,Sx Optional
1150,victor,2003
1151,Virus,2017
1152,vitara brezza ,vdi optional
1153,Volkswagen,2016
1154,Volkswagen,2017
1155,Volkswagen,Ameo
1156,Volkswagen,Ameo Tdi
1157,Volkswagen,Ameo Trendline
1158,Volkswagen,jetta
1159,Volkswagen,passat
1160,Volkswagen,passat 2.0 tdi at
1161,Volkswagen,polo
1162,Volkswagen,polo 1.2
1163,Volkswagen ,Polo Comfortline
1164,Volkswagen,polo GT
1165,Volkswagen,polo GT TSi
1166,volkswagen,polo gti
1167,Volkswagen,sagitar
1168,Volkswagen,Vento
1169,Volkswagen,Vento 1.2 TSI
1170,Volkswagen,vento tdi
1171,Volvo,9400
1172,Volvo,XC60
1173,Volvo,XC90
1174,wagan r,2005
1175,wagenor,2006 
1176,wagnor,2010
1177,Wagon R,2012
1178,wagon r,2015
1179,wagon r,2016
1180,Wagon R,Lxi
1181,wagonR,2006
1182,wagonr,2014
1183,wagonr,2015
1184,wagonr,2018
1185,Willyz,Jeep
1186,wolkswagon,jetta
1187,xylo,2011
1188,xylo,2017
1189,xylo,d2
1190,yahama,fzs
1191,yahama ,Sz rr
1192,yallow,2015
1193,yamaha,alpha
1194,yamaha,fazer
1195,Yamaha,FZ
1196,Yamaha,Fz 16
1197,Yamaha,FZ25
1198,Yamaha,Fzs
1199,yamaha,fzs v 2.0
1200,Yamaha,Gs
1201,Yamaha,R~15
1202,yamaha,R15
1203,Yamaha ,R15 v3
1204,Yamaha,R15s
1205,Yamaha,Rd350 
1206,Yamaha,RX 135
1207,Yamaha ,sz
1208,yamha,2014
1209,Zen,2008
1210,Zest,XTA
1211,вл,вп
1212,Оатп,Лалаоала
1213,स्विफ्ट,2013
